bucket_s,clip_id,duration_s,bucket_pool_size
2-4,D9HR4q0vbwE_05,2.044,41
2-4,f75G_hZMSHs_04,2.403,41
2-4,fNT8a6e1gx8_06,2.770,41
2-4,rSiciLyYOyI_07,2.878,41
2-4,NBpYolVo5WQ_06,3.042,41
2-4,I976oI3s1jQ_05,3.417,41
2-4,ZgvLTS2zJdo_01,3.421,41
2-4,fNT8a6e1gx8_08,3.604,41
4-6,iMJ9CjBX7eo_02,4.305,41
4-6,k5Gxbifw8s8_05,4.434,41
4-6,TXyNxVRRPt8_03,4.505,41
4-6,5iRIeHAK9b0_03,4.700,41
4-6,k5Gxbifw8s8_03,4.700,41
4-6,wPJ_InXF_I8_06,4.939,41
4-6,J-0KHhPS_m4_03,5.000,41
4-6,sP6B4dlSOoc_04,5.573,41
6-9,TXyNxVRRPt8_01,6.273,30
6-9,I976oI3s1jQ_01,7.000,30
6-9,LT0-h4P_xBY_04,7.767,30
6-9,f75G_hZMSHs_02,7.775,30
6-9,WMoeSSvCyTU_03,7.908,30
6-9,FND2JfzngVY_06,8.008,30
6-9,z3jAMn3xpoM_02,8.142,30
6-9,LT0-h4P_xBY_06,8.400,30
9-12,wH3lJm0Typ0_03,9.009,21
9-12,oP2WdYlaflE_02,9.100,21
9-12,mNF1kg9azQw_07,9.385,21
9-12,mNF1kg9azQw_05,10.302,21
9-12,5iRIeHAK9b0_02,10.400,21
9-12,sP6B4dlSOoc_05,10.978,21
9-12,mNF1kg9azQw_03,11.387,21
9-12,YR7BS6l_95E_05,11.600,21
12-15,uZwKNtHx9FE_07,12.471,16
12-15,jsOSzFyx8RA_03,12.713,16
12-15,I976oI3s1jQ_02,13.500,16
12-15,oP2WdYlaflE_03,13.934,16
12-15,wPJ_InXF_I8_02,14.148,16
12-15,uZwKNtHx9FE_01,14.473,16
12-15,MJijm9kbdHA_01,14.500,16
12-15,ZgvLTS2zJdo_02,14.724,16
