condition,pass,order_index,clip_id,duration_s,capture_seconds,raw_frames,retained_frames_after_trim,post_cut_latency_s,worker_s,queue_wait_s,capture_end_to_perception_done_s,shubert_s,byt5_encoder_s,byt5_decode_s,byt5_stage_s,generate_s,other_s,decode_steps,output_bytes,output_text,oom_or_error,error,declined,decline_reason,deferred,queue_depth_at_cut,perception_frames_at_cut,perception_busy_seconds_cpu,embed_busy_seconds,embedded_frames,min_available_mb_during_utterance,min_available_mb_during_run,avail_mb_at_cut,first_after_warmup,warmup_seconds,cut_ts,done_ts
sequential,1,0,uZwKNtHx9FE_01,14.473,14.43,347,174,48.23,48.23,0.0,,0.36,0.9,12.17,13.47,13.42,34.76,133,131,Most of the outbreaks are that children who do not have a vaccine who live in strict ultra-orthodox Jewish communities in New York.,False,,False,,True,1,,,,,1957,1957,3750,True,18.4,1791528651.2513044,1791528699.481
sequential,1,1,5iRIeHAK9b0_03,4.700,4.67,141,71,18.25,18.25,0.0,,0.06,0.18,4.21,4.47,4.45,13.78,62,60,Children between the ages of three and twenty-nine are kids.,False,,False,,True,1,,,,,1861,1861,2284,False,18.4,1791528704.163323,1791528722.41
sequential,1,2,fNT8a6e1gx8_08,3.604,3.57,108,54,15.96,15.96,0.0,,0.07,0.17,4.84,5.1,5.08,10.86,55,53,It's just about our problems of expressing ourselves.,False,,False,,True,1,,,,,1489,1489,1858,False,18.4,1791528726.0004938,1791528741.96
sequential,1,3,sP6B4dlSOoc_05,10.978,10.95,329,165,41.01,41.01,0.0,,0.1,0.35,6.91,7.4,7.36,33.62,97,95,On Wednesday President Trump signed an executive order about trade reform and life kidney care.,False,,False,,True,1,,,,,1329,1329,1899,False,18.4,1791528752.922062,1791528793.936
sequential,1,4,mNF1kg9azQw_03,11.387,11.35,273,137,38.06,38.06,0.0,,0.09,0.33,6.3,6.76,6.73,31.31,85,83,"Next we will talk about the next step, the next step, the next step, the next step.",False,,False,,True,1,,,,,1260,1260,1361,False,18.4,1791528805.3043082,1791528843.369
sequential,1,5,iMJ9CjBX7eo_02,4.305,4.27,129,65,20.03,20.02,0.0,,0.07,0.18,5.83,6.11,6.08,13.92,84,82,Thank you for joining us at the Community Forum and I will be hosting it together.,False,,False,,True,1,,,,,1260,1260,1339,False,18.4,1791528847.6572394,1791528867.683
sequential,1,6,k5Gxbifw8s8_05,4.434,4.4,133,67,16.9,16.9,0.0,,0.08,0.18,3.7,3.97,3.96,12.93,35,33,And more young people use rabbit.,False,,False,,True,1,,,,,1241,1241,1588,False,18.4,1791528872.1095116,1791528889.012
sequential,1,7,MJijm9kbdHA_01,14.500,14.46,348,174,41.48,41.47,0.0,,0.09,0.39,8.04,8.55,8.52,32.92,102,100,Biden said Bernie had a vote multiple times against a brady bill that required stricter gun control.,False,,False,,True,1,,,,,1131,1131,1611,False,18.4,1791528903.4885347,1791528944.964
sequential,1,8,wPJ_InXF_I8_06,4.939,4.91,148,74,20.79,20.79,0.0,,0.06,0.19,3.58,3.84,3.83,16.95,52,50,the students storytelling comprehension abilities.,False,,False,,True,1,,,,,1095,1095,1173,False,18.4,1791528949.89505,1791528970.689
sequential,1,9,I976oI3s1jQ_01,7.000,6.96,168,84,23.78,23.78,0.0,,0.07,0.2,6.17,6.48,6.45,17.3,88,86,I feel like it's a chill and I've been very patient with it and I think it's possible.,False,,False,,True,1,,,,,978,978,1456,False,18.4,1791528977.6635573,1791529001.441
sequential,1,10,jsOSzFyx8RA_03,12.713,12.68,381,191,51.81,51.8,0.0,,0.12,0.43,13.29,13.89,13.84,37.92,168,166,"Or the show isn't a lot about the experience, but it's about who you are as a person and how you through savingstories throughout life, photography, as a Deaf person.",False,,False,,True,1,,,,,930,930,1040,False,18.4,1791529014.142058,1791529065.947
sequential,1,11,fNT8a6e1gx8_06,2.770,2.74,83,42,15.87,15.86,0.0,,0.05,0.14,5.81,6.03,6.0,9.84,85,83,"I feel like again, the students have been asking me to go to school for their time.",False,,False,,True,1,,,,,965,930,1074,False,18.4,1791529068.7102427,1791529084.576
sequential,1,12,J-0KHhPS_m4_03,5.000,4.97,150,75,19.86,19.85,0.01,,0.08,0.2,4.24,4.56,4.53,15.29,60,58,Here's a question from the next question: How did it stop?,False,,False,,True,1,,,,,1373,930,1005,False,18.4,1791529089.5608683,1791529109.42
sequential,1,13,FND2JfzngVY_06,8.008,7.98,240,120,30.29,30.29,0.0,,0.08,0.21,4.55,4.85,4.83,25.43,55,53,The daylight savings will be back on March 8 at 2 AM.,False,,False,,True,1,,,,,866,866,1382,False,18.4,1791529117.4208791,1791529147.707
sequential,1,14,I976oI3s1jQ_02,13.500,13.46,324,162,41.96,41.96,0.0,,0.09,0.35,8.73,9.21,9.17,32.75,113,111,"He said he was still working for two days, but on a high fever and chills, he decided to stay home and recover.",False,,False,,True,1,,,,,839,839,977,False,18.4,1791529161.1818867,1791529203.139
sequential,1,15,ZgvLTS2zJdo_02,14.724,14.68,353,177,44.52,44.52,0.0,,0.1,0.41,7.2,7.73,7.71,36.8,71,69,I want to share a little bit of a story with you about one more time.,False,,False,,True,1,,,,,968,839,908,False,18.4,1791529217.8495758,1791529262.374
sequential,1,16,YR7BS6l_95E_05,11.600,11.57,348,174,46.19,46.18,0.0,,0.1,0.41,8.15,8.7,8.67,37.49,99,97,The helicopter travels to the area and flies to a shelter to help provide supplies with supplies.,False,,False,,True,1,,,,,793,793,1010,False,18.4,1791529273.9687188,1791529320.154
sequential,1,17,NBpYolVo5WQ_06,3.042,3.0,73,37,12.66,12.66,0.01,,0.05,0.14,2.99,3.2,3.18,9.46,43,41,See you tomorrow and stay with the light!,False,,False,,True,1,,,,,853,793,958,False,18.4,1791529323.1788712,1791529335.843
sequential,1,18,TXyNxVRRPt8_01,6.273,6.24,188,94,28.73,28.72,0.01,,0.07,0.17,7.46,7.74,7.71,20.97,86,84,We bring them to the deaf community forum to bring their concerns to South Carolina.,False,,False,,True,1,,,,,785,785,888,False,18.4,1791529342.0993574,1791529370.825
sequential,1,19,5iRIeHAK9b0_02,10.400,10.37,312,156,39.24,39.24,0.0,,0.08,0.36,8.62,9.1,9.06,30.14,117,115,A California male couple called for child abuse Friday in a court called for police to plead guilty to child abuse.,False,,False,,True,1,,,,,919,785,857,False,18.4,1791529381.2135406,1791529420.454
sequential,1,20,mNF1kg9azQw_05,10.302,10.26,247,124,35.6,35.6,0.0,,0.08,0.2,6.38,6.69,6.66,28.91,89,87,I wonder how do you recommend people respond to someone who has been vlogging about it?,False,,False,,True,1,,,,,953,785,1067,False,18.4,1791529430.736104,1791529466.336
sequential,1,21,WMoeSSvCyTU_03,7.908,7.88,237,119,33.17,33.17,0.0,,0.07,0.2,4.26,4.54,4.52,28.63,62,60,The drug hydrogen is still going on and it is controversial.,False,,False,,True,1,,,,,886,785,1079,False,18.4,1791529474.2354798,1791529507.405
sequential,1,22,sP6B4dlSOoc_04,5.573,5.54,167,84,23.14,23.13,0.0,,0.07,0.18,4.6,4.88,4.85,18.26,46,44,Sometimes simple sidewalks can be dangerous.,False,,False,,True,1,,,,,943,785,1004,False,18.4,1791529512.9624119,1791529536.102
sequential,1,23,z3jAMn3xpoM_02,8.142,8.11,244,122,32.76,32.76,0.0,,0.07,0.21,5.9,6.21,6.19,26.55,83,81,One of them filmed on Facebook LIVE showing officers lying on the floor on blood.,False,,False,,True,1,,,,,764,764,1074,False,18.4,1791529544.2305875,1791529576.992
sequential,1,24,uZwKNtHx9FE_07,12.471,12.43,299,150,41.55,41.55,0.0,,0.08,0.35,9.36,9.83,9.79,31.72,126,124,"They said the words were added without delays, were immediately introduced into the legislation to make sure the work began.",False,,False,,True,1,,,,,984,764,862,False,18.4,1791529589.4390287,1791529630.988
sequential,1,25,D9HR4q0vbwE_05,2.044,2.0,49,25,7.62,7.61,0.01,,0.07,0.14,1.44,1.66,1.65,5.95,20,18,How are you doing?,False,,False,,True,1,,,,,1010,764,1096,False,18.4,1791529633.0100062,1791529640.628
sequential,1,26,f75G_hZMSHs_04,2.403,2.37,72,36,12.19,12.19,0.0,,0.05,0.14,3.7,3.9,3.89,8.29,52,50,The tourist wedding is scheduled for this weekend.,False,,False,,True,1,,,,,960,764,1055,False,18.4,1791529643.0198586,1791529655.212
sequential,1,27,f75G_hZMSHs_02,7.775,7.74,233,117,34.84,34.84,0.0,,0.07,0.2,8.89,9.2,9.17,25.64,126,124,The similar conversations between the police officers and his hometown are including the previous officers and his hometown.,False,,False,,True,1,,,,,922,764,1009,False,18.4,1791529662.9722016,1791529697.813
sequential,1,28,ZgvLTS2zJdo_01,3.421,3.38,82,41,16.26,16.26,0.0,,0.06,0.14,5.71,5.93,5.9,10.33,81,79,The first is to open and provide resources for deaf and hard of hearing people.,False,,False,,True,1,,,,,946,764,1068,False,18.4,1791529701.218122,1791529717.475
sequential,1,29,LT0-h4P_xBY_04,7.767,7.74,233,117,35.8,35.79,0.0,,0.08,0.2,7.91,8.22,8.19,27.57,98,96,"Of course, I want to clearly warn you that I just shared with the people who are self-esteeming.",False,,False,,True,1,,,,,824,764,1002,False,18.4,1791529725.225409,1791529761.021
sequential,1,30,wPJ_InXF_I8_02,14.148,14.12,424,212,52.61,52.61,0.0,,0.11,0.53,8.39,9.06,9.03,43.55,106,104,"AP also said Barack Obama has declared to endorse him, but Biden said he asked Obama to not endorse him.",False,,False,,True,1,,,,,718,718,866,False,18.4,1791529775.15151,1791529827.766
sequential,1,31,oP2WdYlaflE_02,9.100,9.07,273,137,41.4,41.4,0.0,,0.08,0.34,8.87,9.32,9.29,32.08,113,111,The expected percentage of a person from the Institute for Health is falling from the University of Washington.,False,,False,,True,1,,,,,754,718,901,False,18.4,1791529836.851124,1791529878.252
sequential,1,32,LT0-h4P_xBY_06,8.400,8.37,252,126,35.39,35.39,0.0,,0.07,0.21,5.13,5.43,5.41,29.96,53,51,Do you have a race on the owner of the Ioniar Knox?,False,,False,,True,1,,,,,706,706,918,False,18.4,1791529886.6375601,1791529922.03
sequential,1,33,mNF1kg9azQw_07,9.385,9.34,225,113,33.53,33.53,0.0,,0.07,0.19,8.5,8.8,8.77,24.73,122,120,"If you are interested in food or money, there is an article by MTV that lists different ways you can support your needs.",False,,False,,True,1,,,,,777,706,872,False,18.4,1791529931.3932736,1791529964.923
sequential,1,34,TXyNxVRRPt8_03,4.505,4.47,135,68,19.49,19.49,0.0,,0.06,0.18,3.94,4.2,4.18,15.3,53,51,Most people don't know about the same NAD programs.,False,,False,,True,1,,,,,765,706,925,False,18.4,1791529969.4164321,1791529988.91
sequential,1,35,wH3lJm0Typ0_03,9.009,8.98,270,135,40.01,40.01,0.0,,0.07,0.33,9.15,9.6,9.56,30.41,111,109,"At the end of the game, there were also people who cheered their fans with cheers and critics canceling them.",False,,False,,True,1,,,,,761,706,860,False,18.4,1791529997.908809,1791530037.92
sequential,1,36,oP2WdYlaflE_03,13.934,13.9,418,209,56.81,56.81,0.0,,0.11,0.45,10.74,11.35,11.3,45.47,138,136,The study also limits the number of community members to primary reports such as the Department of Health and People and Human Services.,False,,False,,True,1,,,,,756,706,875,False,18.4,1791530051.8407729,1791530108.654
sequential,1,37,I976oI3s1jQ_05,3.417,3.38,82,41,13.73,13.72,0.01,,0.05,0.14,3.65,3.85,3.84,9.87,51,49,I want to make sure that everyone understands me.,False,,False,,True,1,,,,,871,706,1048,False,18.4,1791530112.049695,1791530125.785
sequential,1,38,k5Gxbifw8s8_03,4.700,4.67,141,71,20.22,20.22,0.0,,0.07,0.18,3.89,4.15,4.13,16.07,50,48,This job opportunity for Deaf people is growing.,False,,False,,True,1,,,,,770,706,918,False,18.4,1791530130.4779286,1791530150.694
sequential,1,39,rSiciLyYOyI_07,2.878,2.84,69,35,12.44,12.43,0.01,,0.06,0.14,3.16,3.37,3.36,9.06,47,45,It was an amazing and never experienced that.,False,,False,,True,1,,,,,854,706,904,False,18.4,1791530153.5498502,1791530165.994
